,DistalRecurrenceTime,DeadOfDisease,FamilyHistory,NodePositive,TumorStaging,HormolTherapy,ErbB2_positive,p53Positive,ChemotherapyTreatment,Ethnicity,RadiationTreatment,Recurrence,ProgesteroneReceptor,AgeAtDiagnosis,EstrogenReceptor
,con,cat,cat,cat,cat,cat,cat,cat,cat,cat,cat,cat,cat,con,cat
s0100,8.53,no,none,no,1,no,no,no,no,Caucasian,yes,no,positive,42,positive
s0138,8.18,no,none,yes,2,no,no,no,yes,Caucasian,yes,no,negative,74,negative
b0354,1.57,no,none,yes,3,no,,,yes,Caucasian,yes,yes,negative,51,positive
b0428,8.51,no,,yes,2,yes,no,no,yes,African American,no,no,positive,38,positive
b0447,6.02,no,none,yes,2,no,no,no,yes,Caucasian,no,no,negative,62,negative
s0205,9.6,no,none,no,1,no,no,no,no,African American,yes,no,positive,47,positive
b0243,4.04,yes,none,no,1,no,,,yes,Caucasian,yes,yes,positive,40,positive
s0106,6.36,no,none,yes,4,yes,no,no,no,Caucasian,yes,yes,positive,57,positive
s0195,6.52,no,,yes,2,no,,,yes,Caucasian,no,yes,negative,31,negative
s0141,2.13,no,yes,no,2,yes,,yes,yes,Caucasian,no,yes,negative,43,positive
s0047,10.09,no,yes,no,1,yes,no,no,no,African American,no,no,positive,82,positive
b0554,4.39,no,none,yes,2,no,,,yes,Caucasian,no,no,positive,43,negative
b0370,1.05,no,none,no,2,no,no,no,yes,African American,no,no,positive,43,positive
s0006,4.84,no,yes,no,2,yes,no,no,yes,Other,no,no,negative,34,positive
b0629,5.98,no,none,yes,2,yes,,,no,Caucasian,no,no,positive,88,positive
b0502,9.1,no,none,no,1,yes,yes,no,no,Caucasian,yes,no,negative,55,negative
s0168,11.24,no,none,no,2,yes,no,no,no,Caucasian,no,no,positive,47,positive
b0519,12.78,no,none,no,1,yes,,,no,Caucasian,no,no,positive,56,positive
b0318,9.6,no,none,yes,4,yes,no,no,no,Other,yes,no,positive,40,negative
b0341,2.68,yes,none,no,2,no,no,no,yes,Caucasian,yes,yes,positive,37,positive
b0494,9.98,no,none,no,2,no,no,yes,yes,Caucasian,yes,no,negative,44,negative
s0050,6.73,no,yes,yes,3,yes,no,no,no,Caucasian,no,no,positive,86,positive
s0067,11.35,no,none,yes,2,no,no,no,yes,Caucasian,yes,no,negative,40,negative
s0025,0,yes,,no,1,,,,,,,yes,positive,,positive
s0104,10.72,no,,yes,3,yes,no,no,no,Caucasian,yes,no,positive,72,positive
s0170,10.26,no,yes,no,2,yes,no,no,no,Caucasian,yes,no,positive,51,positive
b0241,10.36,no,none,no,1,yes,no,no,no,Caucasian,no,no,positive,68,positive
s0181,1.36,no,,yes,2,no,yes,no,no,Caucasian,no,no,positive,48,positive
b0664,10.98,no,none,no,1,no,,,yes,,no,no,positive,47,positive
b0427,6.84,no,,yes,2,yes,no,yes,yes,African American,no,no,positive,41,positive
b0387,8.38,no,none,no,2,no,no,yes,yes,Caucasian,yes,no,positive,47,negative
b0334,2.74,no,none,no,2,yes,no,no,no,Caucasian,no,no,positive,54,negative
b0372,2.46,no,yes,yes,2,no,yes,yes,yes,Other,yes,no,negative,31,negative
b0542,0,yes,yes,yes,3,yes,,,no,Other,no,yes,negative,33,positive
b0772,2.27,yes,yes,yes,3,yes,,,yes,Caucasian,no,yes,negative,52,positive
s0013,9.71,no,none,yes,2,no,no,yes,yes,Caucasian,yes,no,negative,40,negative
s0077,0.42,yes,none,no,1,no,no,no,no,Caucasian,no,yes,positive,51,positive
b0296,11.1,no,none,no,1,yes,no,no,no,Caucasian,yes,no,positive,82,positive
b0305,8.67,no,yes,yes,2,no,no,no,yes,Other,no,no,negative,72,negative
b0626,9.47,no,,no,2,no,,,no,Caucasian,no,no,negative,86,positive
s0101,8.6,no,none,yes,2,no,no,yes,yes,Caucasian,yes,no,negative,50,negative
s0200,4.97,no,,yes,2,yes,no,no,no,African American,no,no,negative,80,positive
s0033,0.82,yes,,no,1,yes,,,no,Caucasian,no,yes,positive,71,positive
s0088,14.15,no,yes,yes,4,yes,no,no,yes,Caucasian,no,no,negative,36,positive
s0042,11.28,no,none,yes,2,,,,yes,Caucasian,yes,no,negative,47,negative
s0001,2.47,no,yes,no,2,yes,,,no,Caucasian,yes,yes,positive,48,positive
b0251,5.7,no,,no,2,yes,no,no,no,Caucasian,no,no,negative,78,positive
b0327,10.98,no,,no,1,no,,,yes,Caucasian,yes,no,negative,57,negative
s0201,10.31,no,none,no,2,no,no,yes,no,Caucasian,yes,no,negative,59,negative
b0317,2.9,no,none,no,1,yes,no,no,no,Caucasian,no,no,positive,73,positive
s1511,3.01,yes,none,yes,2,no,,,no,African American,no,yes,positive,48,positive
b0556,0,yes,none,yes,2,yes,,,yes,Caucasian,yes,yes,negative,37,positive
b0339,1.54,no,none,yes,2,yes,no,no,no,African American,no,no,positive,80,positive
b0679,10.34,no,none,yes,2,yes,,,yes,African American,no,no,positive,53,positive
b0421,10.3,no,yes,yes,3,yes,no,no,yes,Caucasian,yes,no,positive,75,positive
b0394,5.64,no,none,yes,2,yes,no,no,yes,Caucasian,no,no,negative,39,negative
s0136,10.2,no,yes,no,1,no,no,no,no,Other,yes,no,negative,36,negative
b0504,11.32,no,none,yes,2,no,,,yes,Other,yes,no,negative,49,negative
b0672,0.13,no,none,yes,2,no,,,no,Caucasian,no,no,negative,60,negative
b0404,9.14,no,none,no,1,yes,no,no,no,Caucasian,yes,no,negative,76,positive
s1551,,,none,yes,2,no,,,yes,Caucasian,yes,,positive,53,positive
b0359,3.62,yes,none,no,1,no,no,yes,yes,Caucasian,yes,yes,,50,negative
s1616,5.79,no,none,yes,3,no,,,no,Caucasian,yes,no,negative,72,negative
s0019,11.96,no,yes,yes,2,yes,no,no,no,Caucasian,yes,no,positive,35,positive
b0326,6.12,no,yes,yes,2,no,no,no,yes,Caucasian,no,no,negative,46,positive
s0026,0.67,yes,none,yes,2,no,,,no,Caucasian,yes,yes,positive,83,positive
b0521,0.34,yes,none,yes,2,yes,no,no,no,Caucasian,yes,yes,positive,56,positive
s0146,8.08,no,,yes,2,yes,no,no,no,Other,yes,no,positive,67,positive
b0338,6.76,no,,no,1,yes,no,no,no,Caucasian,yes,no,negative,55,negative
s0154,12.87,no,none,yes,2,yes,no,no,yes,Caucasian,yes,no,positive,63,positive
b0433,3.07,no,yes,no,2,yes,no,yes,yes,Caucasian,no,yes,negative,60,negative
s0086,4.47,no,yes,no,2,no,no,no,yes,African American,no,no,positive,44,negative
s0004,1.32,yes,yes,yes,2,yes,no,yes,yes,African American,yes,yes,negative,54,negative
b0668,14.2,no,none,no,1,no,,,yes,Caucasian,no,no,positive,42,positive
b0335,4.04,no,none,no,1,yes,no,no,no,African American,yes,no,positive,40,positive
s0035,2.48,yes,none,no,2,yes,no,no,no,Caucasian,yes,yes,positive,70,positive
b0383,1.53,yes,yes,yes,2,no,no,no,yes,Caucasian,no,yes,positive,36,negative
b0340,1.84,no,none,yes,3,yes,no,no,yes,Caucasian,yes,no,positive,39,positive
b0694,0.41,no,,no,2,,,,,Caucasian,,no,positive,50,positive
b0382,0.86,yes,yes,no,1,no,no,yes,no,Other,no,yes,negative,45,negative
b0551,7.66,no,none,yes,3,no,yes,yes,yes,Caucasian,no,no,negative,37,negative
s0116,3.06,no,none,no,1,yes,yes,no,no,Caucasian,yes,no,positive,80,positive
b0566,2.11,yes,yes,yes,3,no,no,no,no,Caucasian,no,yes,positive,55,positive
s0046,6.02,no,none,yes,2,yes,yes,no,yes,Caucasian,yes,no,positive,44,positive
s0175,2.15,yes,yes,yes,2,yes,,no,no,Caucasian,yes,yes,negative,82,positive
b0165,8.96,no,none,no,1,no,yes,yes,yes,African American,no,no,negative,43,negative
s0190,5.28,no,none,no,1,yes,no,yes,no,Caucasian,yes,no,positive,61,positive
s0204,0.67,yes,yes,yes,2,no,no,no,yes,Caucasian,yes,yes,positive,57,positive
b0414,11.78,no,none,no,1,no,yes,no,no,Caucasian,yes,no,positive,43,positive
s0107,9.25,no,none,no,1,yes,no,no,no,Caucasian,no,no,negative,66,positive
s0226,0.35,no,none,yes,2,yes,yes,yes,yes,Caucasian,yes,yes,positive,31,positive
s0071,0.31,yes,yes,yes,2,no,no,yes,yes,African American,yes,yes,negative,39,negative
b0374,8.01,no,,yes,2,yes,no,no,no,Caucasian,no,no,positive,88,positive
b0499,1.15,yes,,yes,2,yes,no,yes,no,,yes,yes,positive,71,positive
b0515,4.33,no,none,no,2,yes,yes,yes,no,Caucasian,no,yes,negative,56,negative
b0627,10.45,no,yes,yes,,yes,,,no,Caucasian,no,no,positive,66,negative
s0132,6.79,no,yes,no,1,yes,,,no,Caucasian,yes,yes,positive,83,positive
s0176,9.94,no,yes,yes,3,yes,no,no,yes,Caucasian,yes,no,negative,50,negative
s0210,7.86,no,none,no,2,no,no,yes,no,Caucasian,yes,no,negative,51,negative
b0299,4.39,no,,yes,2,yes,,,yes,Caucasian,no,no,,77,positive
s0080,5.63,no,none,yes,2,yes,no,no,yes,African American,yes,no,positive,43,positive
s0040,2.88,yes,yes,yes,4,yes,no,no,yes,African American,no,yes,positive,53,positive
s0103,1.13,no,none,yes,2,yes,no,no,yes,Caucasian,yes,no,positive,59,positive
s0059,0.67,no,none,yes,2,no,yes,no,yes,Caucasian,yes,no,positive,35,positive
s0084,7.47,no,yes,yes,2,no,no,no,yes,Caucasian,no,no,negative,60,negative
b0346,0.25,no,yes,no,2,yes,no,yes,yes,Caucasian,no,yes,negative,47,negative
s0109,5.61,no,yes,yes,2,yes,no,no,yes,Caucasian,yes,no,negative,46,positive
b0574,6.94,no,yes,no,1,yes,,,no,,no,no,negative,69,negative
b0357,1.42,yes,yes,no,1,yes,,,yes,Caucasian,yes,yes,positive,45,positive
s0183,2.05,no,none,no,2,no,,,yes,Caucasian,yes,no,negative,63,negative
b0420,7.9,no,yes,no,1,yes,no,yes,no,Caucasian,yes,no,positive,37,positive
s0018,4.71,no,yes,yes,2,yes,no,no,yes,African American,yes,no,positive,51,negative
b0344,1.51,no,yes,yes,2,yes,,,no,Caucasian,no,no,negative,51,negative
s0055,0,yes,none,yes,,yes,,,no,African American,yes,yes,negative,43,negative
b0565,1.05,yes,yes,yes,,yes,,,no,Caucasian,no,no,positive,86,positive
b0667,13.75,no,yes,no,2,no,,,yes,Caucasian,yes,no,positive,44,positive
b0512,7.56,no,yes,yes,3,no,no,no,yes,Caucasian,yes,no,positive,47,positive
s0229,5.57,no,none,yes,4,no,no,yes,yes,Caucasian,no,no,negative,53,negative
s0060,1.86,yes,none,yes,2,yes,no,yes,yes,Caucasian,yes,yes,negative,62,positive
b0671,0.43,no,yes,no,2,no,,,yes,African American,no,no,positive,57,positive
s0177,4.16,no,yes,yes,2,yes,no,no,yes,Caucasian,yes,no,positive,71,positive
b0252,9.8,no,none,yes,2,yes,no,no,no,Caucasian,no,no,positive,83,positive
s0350,3.51,yes,none,yes,3,no,,,yes,African American,yes,yes,positive,35,positive
b0434,8.91,no,none,no,1,yes,no,no,no,Caucasian,no,no,negative,59,positive
b0337,11.35,no,yes,no,1,yes,no,no,no,Caucasian,no,no,positive,70,positive
b0244,9.01,no,none,no,2,no,,,yes,Other,no,no,negative,49,negative
s0162,2.71,yes,none,no,1,yes,,no,no,African American,no,yes,positive,48,positive
s0037,0,yes,,no,2,yes,no,no,yes,Caucasian,no,yes,positive,49,positive
s0087,3.32,no,yes,no,2,no,no,no,yes,Other,yes,yes,negative,45,negative
b0336,2.1,no,yes,yes,3,yes,no,,yes,Caucasian,no,no,positive,73,positive
